movieID,country
1,USA
3,USA
4,USA
6,USA
7,USA
8,USA
9,USA
14,USA
15,USA
16,USA
19,USA
21,USA
22,USA
24,USA
25,France
26,USA
28,UK
29,France
34,Australia
41,UK
44,USA
45,USA
47,Japan
49,Canada
50,USA
52,USA
53,Italy
54,USA
55,USA
63,USA
65,USA
70,USA
72,USA
74,USA
75,USA
76,Canada
77,Germany
82,Netherlands
85,USA
86,USA
87,USA
90,USA
92,USA
93,USA
95,USA
96,UK
97,France
100,USA
102,USA
103,USA
104,USA
110,USA
111,USA
112,Hong Kong
113,USA
114,Canada
116,UK
118,USA
119,USA
120,USA
121,Canada
124,Italy
131,France
137,USA
139,USA
141,USA
145,USA
146,USA
148,UK
150,USA
155,UK
156,USA
157,USA
158,USA
159,USA
160,USA
161,USA
164,USA
170,USA
171,USA
175,USA
176,USA
178,Canada
180,USA
181,USA
182,UK
183,Germany
186,USA
187,USA
188,USA
190,USA
191,USA
196,USA
198,USA
199,France
201,USA
202,UK
203,USA
204,USA
205,USA
206,USA
207,USA
208,USA
213,Russia
216,USA
217,USA
218,USA
222,Ireland
223,USA
224,USA
225,USA
226,USA
228,USA
229,UK
230,USA
232,Taiwan
233,Canada
234,USA
241,USA
242,Belgium
243,USA
248,USA
251,USA
254,France
256,USA
257,USA
259,USA
262,USA
263,UK
265,Mexico
267,USA
268,USA
270,USA
271,USA
272,UK
274,USA
276,USA
277,USA
282,USA
283,USA
287,USA
288,USA
289,USA
290,New Zealand
291,USA
292,USA
293,France
294,USA
296,USA
297,USA
301,Japan
302,France
305,USA
307,France
308,France
313,USA
314,USA
315,Peru
316,France
317,UK
318,USA
320,USA
321,Cuba
326,China
327,USA
330,USA
332,USA
333,USA
334,USA
338,USA
341,Canada
346,UK
347,France
348,USA
350,USA
352,USA
356,USA
358,USA
361,USA
362,USA
364,USA
365,Italy
367,USA
370,USA
375,USA
377,USA
378,USA
380,USA
384,USA
387,USA
388,USA
393,USA
394,USA
398,USA
407,USA
408,USA
409,USA
410,USA
413,USA
415,USA
416,USA
417,Spain
419,USA
423,USA
425,USA
427,USA
431,USA
432,USA
433,USA
436,USA
437,USA
438,USA
441,USA
443,USA
444,USA
447,USA
454,USA
457,USA
460,USA
462,South Africa
463,USA
471,UK
475,Ireland
476,USA
477,USA
478,USA
479,USA
481,USA
482,France
483,USA
484,USA
486,USA
489,France
491,USA
495,Japan
497,UK
498,USA
499,USA
500,USA
503,USA
504,USA
505,USA
510,USA
511,USA
515,UK
516,USA
517,USA
518,USA
519,USA
520,France
522,Australia
523,USA
524,USA
527,USA
528,USA
529,USA
531,USA
533,Japan
534,UK
535,USA
536,USA
538,USA
539,USA
542,USA
543,USA
544,USA
549,Portugal
550,USA
556,UK
559,France
563,Belgium
564,South Korea
566,USA
567,Spain
570,Denmark
573,Italy
574,USA
577,USA
580,UK
581,France
583,Italy
585,USA
589,USA
590,USA
592,USA
593,USA
596,USA
597,USA
598,Russia
599,USA
600,USA
603,USA
605,USA
609,USA
610,Canada
616,USA
621,France
626,USA
628,USA
635,USA
637,USA
638,France
645,France
647,USA
648,Germany
649,USA
650,USA
652,South Korea
656,USA
659,France
660,USA
661,UK
662,USA
663,Canada
665,France
668,India
670,India
671,USA
674,France
681,France
688,USA
690,Germany
691,USA
692,Mexico
694,USA
695,USA
696,UK
697,USA
703,UK
704,USA
709,USA
710,USA
712,France
715,France
716,USA
717,Spain
719,USA
729,UK
731,USA
733,USA
735,Italy
741,Japan
743,USA
745,UK
748,USA
751,Canada
753,UK
755,USA
756,UK
757,Hong Kong
762,USA
765,USA
766,UK
771,France
775,France
778,UK
779,USA
780,USA
782,USA
783,USA
788,USA
793,France
798,USA
801,USA
802,USA
803,UK
804,USA
805,USA
807,France
809,USA
818,USA
823,France
827,Portugal
828,UK
829,USA
830,USA
831,UK
835,USA
837,USA
839,USA
849,USA
850,Vietnam
852,USA
860,Germany
861,Hong Kong
862,USA
864,USA
867,USA
869,France
870,USA
872,Taiwan
875,USA
876,Hong Kong
879,USA
880,USA
881,USA
882,USA
885,USA
886,USA
889,Germany
893,USA
896,France
897,USA
898,USA
899,USA
900,USA
901,USA
902,USA
904,USA
908,USA
909,USA
910,USA
911,USA
912,USA
913,USA
915,USA
916,USA
917,USA
920,USA
921,USA
922,USA
923,USA
926,USA
927,USA
928,USA
930,USA
932,USA
933,USA
934,USA
935,USA
936,USA
938,USA
943,USA
944,USA
945,USA
947,USA
950,USA
951,USA
952,USA
953,USA
959,USA
961,USA
963,USA
965,UK
972,USA
973,USA
974,Italy
981,USA
986,USA
988,USA
991,UK
997,USA
999,USA
1001,USA
1002,USA
1003,USA
1004,USA
1006,USA
1013,USA
1014,USA
1015,USA
1016,USA
1019,USA
1029,USA
1031,USA
1034,USA
1035,USA
1037,UK
1039,USA
1043,USA
1046,UK
1047,USA
1049,USA
1051,USA
1053,USA
1054,USA
1055,USA
1056,UK
1057,USA
1062,USA
1064,USA
1066,USA
1068,USA
1069,USA
1073,USA
1076,USA
1078,USA
1080,UK
1081,UK
1082,USA
1084,USA
1086,USA
1091,USA
1093,USA
1094,UK
1103,USA
1104,USA
1107,USA
1111,France
1114,USA
1116,France
1124,UK
1126,USA
1129,UK
1130,USA
1131,France
1132,Italy
1139,USA
1140,USA
1142,USA
1150,France
1152,USA
1162,UK
1164,France
1167,USA
1168,USA
1171,USA
1172,Italy
1173,France
1174,France
1177,UK
1178,USA
1179,USA
1180,Ireland
1183,USA
1191,USA
1193,USA
1196,USA
1197,USA
1199,UK
1202,UK
1207,USA
1208,USA
1209,Italy
1210,USA
1211,West Germany
1212,UK
1213,USA
1217,Japan
1219,USA
1221,USA
1224,UK
1227,Italy
1228,USA
1231,USA
1232,West Germany
1233,West Germany
1235,USA
1236,USA
1238,UK
1240,USA
1242,USA
1247,USA
1250,UK
1251,Italy
1252,USA
1253,USA
1254,USA
1257,USA
1258,UK
1264,France
1266,USA
1267,USA
1269,USA
1270,USA
1271,USA
1275,USA
1276,USA
1279,France
1280,China
1281,USA
1282,USA
1285,USA
1289,USA
1292,USA
1293,UK
1298,UK
1299,UK
1300,Sweden
1303,UK
1305,West Germany
1307,USA
1310,USA
1312,Germany
1313,USA
1323,USA
1326,Mexico
1327,USA
1328,Canada
1329,Italy
1334,USA
1336,USA
1343,USA
1344,USA
1345,USA
1346,USA
1348,Germany
1350,UK
1351,USA
1352,USA
1353,USA
1354,Denmark
1356,USA
1357,Australia
1358,USA
1359,USA
1366,USA
1367,USA
1370,USA
1371,USA
1375,USA
1377,USA
1378,USA
1380,USA
1382,USA
1383,USA
1385,France
1387,USA
1388,USA
1390,USA
1391,USA
1393,USA
1395,USA
1397,USA
1401,USA
1407,USA
1410,USA
1412,Ireland
1413,USA
1414,UK
1415,France
1417,UK
1422,USA
1425,UK
1429,Australia
1431,USA
1434,USA
1438,USA
1440,USA
1441,USA
1447,USA
1449,USA
1453,USA
1454,USA
1455,Australia
1456,USA
1457,USA
1459,USA
1460,USA
1461,USA
1464,France
1465,USA
1466,USA
1468,USA
1475,UK
1477,USA
1484,Canada
1485,USA
1490,USA
1493,Australia
1496,USA
1498,USA
1501,USA
1503,USA
1507,Australia
1508,USA
1511,France
1514,China
1516,Australia
1522,USA
1527,France
1528,UK
1529,Germany
1532,USA
1537,Japan
1539,UK
1544,USA
1546,USA
1551,USA
1552,USA
1556,USA
1558,USA
1561,USA
1563,USA
1564,USA
1566,USA
1569,USA
1571,France
1572,France
1573,USA
1574,USA
1575,Iran
1581,USA
1585,Australia
1588,USA
1589,USA
1590,UK
1592,USA
1594,Canada
1595,USA
1597,USA
1598,USA
1599,USA
1601,USA
1605,USA
1606,USA
1608,USA
1610,USA
1614,USA
1616,USA
1619,USA
1621,USA
1622,USA
1623,USA
1625,USA
1626,USA
1631,Canada
1633,USA
1635,USA
1636,USA
1639,USA
1640,USA
1642,UK
1645,USA
1646,USA
1648,USA
1649,USA
1650,USA
1651,USA
1653,USA
1654,UK
1655,USA
1656,UK
1661,USA
1663,USA
1666,USA
1668,USA
1670,UK
1671,USA
1672,USA
1673,USA
1674,USA
1675,USA
1676,USA
1677,Australia
1681,USA
1682,USA
1683,USA
1684,UK
1685,France
1687,USA
1688,USA
1693,USA
1696,UK
1699,USA
1701,USA
1711,USA
1713,USA
1715,USA
1719,Canada
1721,USA
1722,UK
1723,USA
1725,Canada
1727,USA
1729,USA
1731,USA
1734,France
1735,USA
1742,USA
1743,USA
1755,UK
1757,Hong Kong
1759,Brazil
1760,UK
1767,USA
1769,USA
1770,UK
1772,USA
1774,UK
1776,USA
1777,USA
1779,USA
1780,USA
1784,USA
1793,Australia
1796,USA
1797,USA
1798,USA
1799,USA
1801,UK
1805,USA
1806,USA
1809,Japan
1811,USA
1814,UK
1816,USA
1819,USA
1822,USA
1824,USA
1827,USA
1829,France
1831,USA
1833,USA
1834,USA
1840,USA
1841,USA
1844,France
1846,UK
1848,UK
1853,USA
1854,USA
1858,Hong Kong
1859,Iran
1860,Netherlands
1862,USA
1864,USA
1865,USA
1866,USA
1867,USA
1869,USA
1870,USA
1871,France
1872,UK
1873,UK
1875,UK
1878,USA
1879,UK
1881,USA
1882,USA
1883,USA
1884,USA
1886,USA
1887,USA
1888,USA
1889,USA
1890,USA
1891,USA
1892,USA
1895,USA
1897,Canada
1902,USA
1904,USA
1906,USA
1910,Ireland
1911,USA
1912,USA
1913,Australia
1914,Canada
1915,Portugal
1917,USA
1918,USA
1919,France
1920,USA
1922,USA
1925,West Germany
1929,USA
1936,USA
1940,USA
1941,UK
1944,USA
1945,USA
1947,USA
1949,UK
1950,USA
1951,UK
1953,USA
1955,USA
1958,USA
1960,China
1961,USA
1962,USA
1963,USA
1966,USA
1967,UK
1969,USA
1970,USA
1973,USA
1974,USA
1977,USA
1979,USA
1980,USA
1981,USA
1984,USA
1985,USA
1986,USA
1990,Canada
1991,Canada
1992,USA
1994,USA
1998,USA
1999,USA
2000,USA
2003,USA
2004,USA
2005,USA
2006,USA
2007,USA
2011,USA
2012,USA
2015,USA
2018,USA
2020,USA
2023,USA
2025,UK
2026,Australia
2028,USA
2029,USA
2030,China
2035,USA
2039,USA
2040,USA
2041,UK
2042,USA
2043,USA
2044,USA
2045,USA
2046,USA
2048,USA
2051,USA
2052,USA
2053,USA
2054,USA
2062,UK
2063,France
2064,USA
2066,USA
2067,USA
2071,USA
2072,USA
2076,USA
2078,USA
2080,USA
2083,USA
2084,USA
2085,USA
2086,Canada
2087,Australia
2088,USA
2089,USA
2090,USA
2091,USA
2092,USA
2093,UK
2094,USA
2095,USA
2096,USA
2100,USA
2101,USA
2103,USA
2105,USA
2107,USA
2109,USA
2110,USA
2111,USA
2113,USA
2116,USA
2117,UK
2119,USA
2120,USA
2121,USA
2122,USA
2124,USA
2125,USA
2126,USA
2127,USA
2128,USA
2130,Canada
2131,France
2132,USA
2133,USA
2134,USA
2135,USA
2136,USA
2137,USA
2138,UK
2139,USA
2140,USA
2141,USA
2143,USA
2144,USA
2146,USA
2150,Botswana
2151,South Africa
2152,USA
2155,USA
2159,USA
2163,USA
2165,USA
2166,USA
2167,USA
2168,USA
2169,USA
2170,Germany
2171,USA
2173,Australia
2176,USA
2177,USA
2179,USA
2181,USA
2182,USA
2184,USA
2188,USA
2189,USA
2192,France
2194,USA
2195,Canada
2196,Aruba
2197,UK
2201,USA
2203,USA
2207,UK
2208,UK
2210,UK
2211,UK
2212,USA
2215,UK
2219,USA
2221,UK
2225,UK
2227,USA
2231,USA
2232,Canada
2233,USA
2237,USA
2239,Italy
2241,USA
2243,USA
2244,USA
2248,USA
2249,USA
2250,USA
2253,USA
2256,USA
2257,USA
2259,USA
2260,UK
2263,USA
2264,USA
2265,USA
2266,USA
2268,USA
2269,USA
2273,USA
2278,UK
2279,USA
2280,Germany
2283,UK
2284,India
2285,UK
2286,USA
2294,USA
2296,USA
2297,USA
2301,USA
2303,USA
2305,USA
2306,USA
2308,USA
2310,USA
2312,USA
2313,USA
2314,USA
2315,Canada
2316,USA
2317,USA
2318,USA
2319,USA
2320,USA
2323,USA
2324,Italy
2325,USA
2326,USA
2327,USA
2330,USA
2331,USA
2333,UK
2334,USA
2336,UK
2338,USA
2340,USA
2342,Canada
2345,USA
2346,USA
2347,USA
2348,UK
2350,USA
2354,USA
2356,USA
2357,Brazil
2359,UK
2362,USA
2363,Japan
2364,USA
2366,New Zealand
2368,USA
2369,USA
2371,USA
2372,USA
2374,USA
2375,USA
2379,USA
2380,USA
2381,USA
2383,USA
2384,Australia
2385,USA
2386,USA
2387,USA
2389,USA
2390,UK
2392,USA
2393,USA
2396,USA
2402,USA
2403,USA
2404,USA
2405,USA
2407,USA
2409,USA
2415,USA
2416,USA
2419,USA
2420,USA
2423,USA
2425,USA
2426,UK
2428,USA
2429,USA
2430,USA
2431,USA
2432,USA
2433,USA
2434,USA
2439,USA
2440,USA
2441,USA
2443,UK
2444,UK
2447,USA
2450,USA
2451,Spain
2454,USA
2456,USA
2457,Germany
2458,USA
2459,USA
2461,USA
2462,USA
2463,USA
2465,USA
2467,France
2469,USA
2470,Australia
2471,Australia
2473,USA
2474,USA
2475,USA
2477,USA
2482,UK
2483,Spain
2485,USA
2486,USA
2487,USA
2488,UK
2490,USA
2492,USA
2493,Germany
2499,USA
2503,Iran
2504,USA
2506,USA
2508,USA
2509,USA
2510,France
2511,USA
2512,Japan
2515,USA
2517,USA
2518,USA
2520,USA
2523,USA
2525,USA
2526,USA
2528,USA
2529,USA
2530,USA
2540,USA
2544,France
2545,USA
2546,USA
2549,USA
2551,Canada
2555,USA
2556,USA
2557,France
2558,USA
2559,USA
2560,Czech Republic
2561,USA
2562,USA
2563,USA
2565,USA
2568,USA
2569,UK
2570,USA
2571,USA
2572,USA
2573,Spain
2575,France
2577,Spain
2579,UK
2581,USA
2583,USA
2584,USA
2586,USA
2587,USA
2593,Italy
2596,USA
2599,USA
2600,Canada
2603,USA
2605,USA
2612,USA
2613,USA
2614,USA
2615,USA
2616,USA
2617,USA
2618,Australia
2621,Hong Kong
2623,USA
2624,Japan
2632,Poland
2633,USA
2635,USA
2637,USA
2638,USA
2640,UK
2641,USA
2643,UK
2644,USA
2646,USA
2648,USA
2649,USA
2650,USA
2652,UK
2657,UK
2660,USA
2662,USA
2664,USA
2665,USA
2668,USA
2672,Germany
2673,Greece
2676,USA
2677,Germany
2682,USA
2683,USA
2686,Canada
2687,USA
2688,Germany
2690,UK
2691,Italy
2692,Germany
2697,UK
2699,USA
2700,USA
2701,USA
2705,France
2707,USA
2708,France
2709,USA
2710,USA
2713,USA
2714,USA
2716,USA
2717,USA
2719,USA
2720,USA
2722,USA
2723,USA
2724,USA
2725,USA
2726,USA
2729,UK
2730,UK
2733,USA
2734,USA
2735,USA
2739,USA
2747,USA
2750,USA
2751,USA
2752,USA
2753,USA
2756,USA
2757,USA
2758,UK
2761,USA
2762,USA
2763,USA
2764,USA
2765,UK
2767,Spain
2769,USA
2770,USA
2772,USA
2774,Canada
2776,Italy
2780,USA
2781,USA
2782,USA
2783,UK
2784,USA
2785,USA
2786,USA
2787,USA
2788,UK
2791,USA
2793,UK
2797,USA
2798,USA
2804,USA
2805,UK
2806,USA
2807,USA
2808,USA
2809,USA
2810,Japan
2811,USA
2815,USA
2819,USA
2822,USA
2824,USA
2826,USA
2827,USA
2829,USA
2830,Federal Republic of Yugoslavia
2834,UK
2837,UK
2839,France
2841,USA
2843,France
2844,USA
2847,USA
2849,USA
2851,UK
2860,USA
2862,Italy
2863,UK
2865,UK
2866,USA
2868,USA
2870,USA
2873,USA
2874,USA
2875,France
2876,Ireland
2878,USA
2880,Yugoslavia
2881,Germany
2882,France
2884,Canada
2886,USA
2889,Canada
2893,UK
2900,USA
2901,USA
2902,USA
2907,USA
2913,USA
2914,USA
2916,USA
2918,USA
2919,Australia
2922,USA
2924,Hong Kong
2925,Italy
2926,USA
2927,UK
2933,France
2935,USA
2936,USA
2939,USA
2940,USA
2943,France
2946,UK
2947,UK
2948,UK
2949,UK
2953,USA
2956,USA
2959,USA
2961,USA
2962,USA
2963,USA
2965,USA
2966,France
2968,UK
2969,France
2970,Peru
2971,USA
2972,China
2976,USA
2977,USA
2978,Australia
2979,USA
2982,USA
2985,USA
2986,USA
2987,USA
2989,UK
2990,UK
2991,UK
2992,UK
2996,USA
2997,USA
2999,USA
3002,UK
3003,France
3004,USA
3006,USA
3010,France
3012,USA
3013,USA
3015,USA
3016,USA
3019,USA
3020,France
3021,USA
3022,USA
3026,USA
3027,USA
3030,Japan
3037,USA
3045,UK
3046,USA
3049,UK
3050,USA
3054,USA
3055,Canada
3056,USA
3057,USA
3062,USA
3067,Spain
3068,USA
3072,USA
3077,UK
3078,USA
3079,UK
3081,USA
3086,USA
3087,USA
3088,USA
3089,Italy
3091,Japan
3093,USA
3094,UK
3097,USA
3098,USA
3099,USA
3100,USA
3101,USA
3103,USA
3104,USA
3107,USA
3108,USA
3109,USA
3110,USA
3115,UK
3116,USA
3117,USA
3118,USA
3119,Italy
3120,USA
3127,USA
3128,USA
3129,USA
3130,USA
3135,USA
3138,USA
3140,USA
3141,USA
3142,USA
3143,USA
3145,USA
3146,USA
3147,USA
3148,USA
3149,Germany
3150,USA
3152,USA
3153,USA
3156,USA
3160,USA
3161,UK
3162,UK
3163,UK
3167,USA
3168,USA
3171,UK
3175,USA
3176,USA
3177,USA
3179,USA
3181,Italy
3185,USA
3188,USA
3191,Spain
3194,USA
3197,USA
3198,USA
3210,USA
3214,USA
3215,UK
3218,USA
3222,South Africa
3223,UK
3225,USA
3230,UK
3232,USA
3238,Canada
3241,Bhutan
3242,Mexico
3244,USA
3246,USA
3247,USA
3248,USA
3249,USA
3250,USA
3254,USA
3256,USA
3257,USA
3259,USA
3260,UK
3261,USA
3263,USA
3266,Belgium
3268,USA
3269,USA
3270,USA
3274,USA
3275,Canada
3276,USA
3280,USA
3281,USA
3282,UK
3283,USA
3284,USA
3286,USA
3287,USA
3292,USA
3294,USA
3295,UK
3300,USA
3302,UK
3304,USA
3308,USA
3311,USA
3313,USA
3316,USA
3322,USA
3324,USA
3325,USA
3330,USA
3333,USA
3334,USA
3336,UK
3338,USA
3339,UK
3341,USA
3342,USA
3355,Spain
3357,France
3358,USA
3359,USA
3361,USA
3363,USA
3371,USA
3374,USA
3378,France
3379,USA
3384,USA
3385,USA
3386,USA
3387,USA
3390,UK
3393,USA
3395,USA
3397,UK
3400,USA
3401,USA
3402,UK
3404,USA
3405,UK
3406,UK
3407,France
3408,USA
3409,USA
3413,USA
3417,USA
3418,USA
3420,USA
3425,USA
3426,USA
3427,USA
3430,USA
3432,USA
3433,USA
3435,USA
3436,USA
3437,USA
3439,USA
3440,USA
3441,USA
3442,USA
3445,USA
3448,USA
3450,USA
3452,USA
3454,USA
3455,USA
3456,Iran
3457,USA
3461,USA
3465,USA
3466,USA
3469,USA
3470,Soviet Union
3471,USA
3476,USA
3478,USA
3479,USA
3481,UK
3483,USA
3484,USA
3487,USA
3489,USA
3490,UK
3494,USA
3495,USA
3497,USA
3498,UK
3499,USA
3501,USA
3504,USA
3509,USA
3510,USA
3511,USA
3512,USA
3513,USA
3514,USA
3515,USA
3516,USA
3521,USA
3522,Italy
3524,USA
3525,USA
3534,UK
3535,USA
3536,USA
3538,UK
3539,UK
3540,USA
3541,Jamaica
3546,USA
3547,UK
3549,USA
3552,USA
3554,USA
3557,USA
3559,USA
3562,USA
3563,Germany
3564,USA
3566,USA
3567,Brazil
3571,USA
3572,USA
3575,USA
3576,France
3577,USA
3580,UK
3584,France
3586,USA
3590,USA
3591,USA
3594,USA
3595,USA
3596,USA
3597,USA
3598,UK
3600,USA
3604,USA
3606,USA
3609,USA
3610,USA
3615,USA
3617,USA
3618,USA
3620,USA
3624,USA
3625,USA
3626,UK
3632,USA
3634,USA
3637,France
3639,UK
3640,Italy
3643,USA
3651,Spain
3653,USA
3661,USA
3663,USA
3667,USA
3669,USA
3670,USA
3671,USA
3672,USA
3676,USA
3677,USA
3678,USA
3680,USA
3681,Italy
3682,USA
3683,USA
3684,USA
3685,USA
3688,Canada
3689,Canada
3690,USA
3692,USA
3693,USA
3694,USA
3696,USA
3697,USA
3699,USA
3704,Australia
3706,USA
3708,USA
3711,France
3713,USA
3714,USA
3715,USA
3717,USA
3718,USA
3719,UK
3721,USA
3722,USA
3723,UK
3725,USA
3731,USA
3733,USA
3735,Italy
3736,USA
3738,USA
3739,USA
3745,USA
3746,Spain
3747,USA
3748,UK
3752,USA
3759,USA
3761,USA
3763,USA
3764,USA
3769,USA
3775,USA
3776,USA
3783,France
3784,USA
3786,USA
3787,China
3790,USA
3791,USA
3792,USA
3794,USA
3795,Canada
3796,UK
3798,USA
3800,France
3801,USA
3802,USA
3803,USA
3804,USA
3806,USA
3808,Italy
3809,USA
3810,USA
3812,USA
3816,Argentina
3821,USA
3822,France
3823,USA
3824,USA
3826,USA
3827,USA
3829,Ireland
3830,Australia
3831,UK
3832,Italy
3834,USA
3836,Yugoslavia
3838,USA
3844,USA
3846,USA
3847,USA
3849,USA
3851,USA
3852,USA
3855,France
3857,USA
3858,France
3859,UK
3861,USA
3863,USA
3865,USA
3866,USA
3867,USA
3869,USA
3871,USA
3872,USA
3876,USA
3877,UK
3882,USA
3883,USA
3886,USA
3887,USA
3894,Spain
3896,USA
3897,USA
3898,Canada
3900,USA
3901,USA
3902,Spain
3905,USA
3906,France
3908,USA
3909,USA
3912,USA
3914,USA
3916,USA
3917,UK
3919,USA
3921,Australia
3924,USA
3926,USA
3928,USA
3933,USA
3937,USA
3943,USA
3944,USA
3946,USA
3948,USA
3949,USA
3953,USA
3955,USA
3956,USA
3957,USA
3958,USA
3959,USA
3960,USA
3962,USA
3963,USA
3965,USA
3966,USA
3967,UK
3972,Hong Kong
3973,USA
3974,Germany
3981,USA
3982,UK
3983,USA
3984,UK
3985,UK
3986,USA
3987,USA
3988,USA
3989,Switzerland
3990,USA
3991,USA
3994,USA
3995,France
3998,USA
3999,USA
4000,UK
4002,USA
4005,UK
4007,USA
4009,USA
4012,USA
4013,Australia
4016,USA
4017,USA
4019,USA
4020,USA
4021,USA
4022,USA
4024,UK
4027,UK
4028,USA
4029,France
4031,USA
4034,Germany
4035,UK
4036,UK
4037,USA
4039,USA
4043,USA
4045,USA
4047,USA
4048,USA
4049,USA
4052,USA
4053,USA
4059,USA
4060,USA
4061,UK
4065,USA
4066,USA
4073,USA
4074,Germany
4076,USA
4078,USA
4079,USA
4080,USA
4081,USA
4082,USA
4083,USA
4084,USA
4086,USA
4087,China
4088,USA
4089,USA
4090,USA
4091,USA
4092,USA
4093,USA
4102,USA
4103,USA
4105,USA
4106,USA
4108,UK
4109,USA
4115,USA
4119,USA
4122,USA
4123,USA
4128,USA
4129,USA
4131,USA
4135,USA
4139,Bosnia and Herzegovina
4141,USA
4145,USA
4148,UK
4151,France
4152,France
4154,USA
4156,France
4158,USA
4162,USA
4164,USA
4166,USA
4169,USA
4170,USA
4171,USA
4173,UK
4176,Japan
4178,USA
4179,Brazil
4180,USA
4184,USA
4186,USA
4187,USA
4188,USA
4189,USA
4190,USA
4191,UK
4194,UK
4202,UK
4206,USA
4207,USA
4210,USA
4211,USA
4212,UK
4216,USA
4217,USA
4219,USA
4221,USA
4222,USA
4224,USA
4225,Australia
4226,USA
4229,USA
4230,USA
4235,Mexico
4236,USA
4237,France
4241,Japan
4242,UK
4245,China
4248,Canada
4249,USA
4254,Australia
4255,USA
4258,USA
4259,UK
4260,USA
4261,Canada
4263,USA
4265,USA
4266,USA
4271,Japan
4273,France
4277,USA
4280,USA
4286,USA
4287,USA
4288,France
4289,Italy
4290,UK
4292,USA
4293,USA
4294,USA
4296,USA
4300,UK
4303,USA
4306,USA
4309,France
4312,France
4313,UK
4316,USA
4317,USA
4318,USA
4319,USA
4322,USA
4327,USA
4328,USA
4330,USA
4331,USA
4337,USA
4338,USA
4339,USA
4340,USA
4342,USA
4348,UK
4349,USA
4350,New Zealand
4351,USA
4352,UK
4355,USA
4359,USA
4360,USA
4361,USA
4363,USA
4366,USA
4371,USA
4373,USA
4374,USA
4377,France
4385,UK
4386,USA
4387,France
4388,USA
4390,France
4391,Vietnam
4393,USA
4395,Italy
4396,USA
4397,USA
4399,France
4403,USA
4406,USA
4408,UK
4410,USA
4411,USA
4412,USA
4414,USA
4416,UK
4419,USA
4420,USA
4422,Sweden
4424,Italy
4425,Australia
4427,UK
4429,UK
4432,USA
4433,USA
4436,USA
4437,Italy
4440,Hong Kong
4441,Hong Kong
4443,UK
4444,Hong Kong
4446,USA
4448,USA
4449,France
4451,UK
4453,USA
4458,USA
4461,USA
4466,USA
4467,UK
4468,UK
4471,USA
4472,USA
4473,USA
4478,USA
4480,USA
4482,USA
4486,USA
4487,USA
4489,USA
4492,USA
4494,USA
4495,USA
4498,USA
4501,USA
4504,USA
4505,USA
4506,USA
4507,USA
4509,USA
4512,USA
4515,USA
4516,USA
4517,USA
4518,UK
4519,USA
4520,USA
4522,USA
4523,USA
4524,USA
4528,USA
4531,USA
4532,USA
4533,USA
4537,USA
4538,UK
4545,USA
4547,UK
4548,USA
4550,USA
4553,USA
4555,USA
4556,UK
4559,USA
4560,USA
4561,USA
4565,USA
4572,USA
4575,USA
4577,USA
4579,USA
4580,USA
4582,USA
4583,USA
4584,USA
4587,UK
4590,USA
4591,UK
4593,USA
4595,USA
4597,USA
4599,USA
4600,USA
4602,USA
4605,UK
4606,USA
4608,USA
4609,USA
4610,USA
4611,USA
4612,Canada
4615,USA
4624,New Zealand
4628,USA
4630,USA
4631,USA
4634,USA
4636,USA
4637,South Africa
4638,USA
4639,USA
4640,UK
4642,USA
4645,USA
4649,USA
4653,UK
4654,USA
4655,USA
4656,USA
4658,Mexico
4659,UK
4660,USA
4661,USA
4662,USA
4663,USA
4665,USA
4670,UK
4671,Australia
4672,UK
4673,USA
4676,USA
4678,USA
4682,USA
4686,USA
4688,Canada
4690,USA
4692,UK
4694,USA
4695,USA
4697,USA
4699,France
4700,USA
4703,UK
4704,USA
4705,France
4707,USA
4713,USA
4715,Switzerland
4716,UK
4717,USA
4718,USA
4720,USA
4723,USA
4725,USA
4731,Belgium
4733,USA
4738,USA
4741,Sweden
4743,USA
4744,Germany
4745,USA
4747,USA
4748,USA
4751,USA
4752,USA
4753,USA
4754,UK
4756,USA
4758,USA
4759,USA
4760,USA
4761,USA
4763,Thailand
4764,USA
4765,USA
4767,USA
4768,Germany
4770,USA
4773,USA
4774,USA
4775,USA
4776,USA
4778,USA
4779,USA
4781,USA
4782,USA
4783,USA
4784,UK
4787,USA
4789,USA
4790,USA
4795,USA
4796,UK
4798,UK
4799,USA
4801,USA
4803,USA
4804,USA
4805,USA
4806,Czechoslovakia
4808,USA
4811,UK
4812,USA
4814,USA
4821,USA
4822,USA
4824,USA
4827,USA
4829,USA
4833,USA
4835,USA
4836,USA
4837,USA
4838,USA
4840,France
4843,USA
4845,USA
4846,Hong Kong
4847,France
4850,Japan
4851,USA
4852,USA
4853,UK
4855,USA
4857,USA
4862,USA
4866,USA
4867,USA
4868,USA
4869,Argentina
4870,USA
4873,USA
4874,USA
4876,USA
4877,Australia
4878,USA
4881,USA
4883,France
4885,USA
4886,USA
4888,USA
4889,Canada
4890,USA
4893,USA
4895,USA
4898,USA
4900,USA
4903,USA
4905,USA
4909,USA
4911,UK
4915,USA
4917,USA
4918,USA
4919,France
4920,USA
4922,USA
4925,USA
4926,Belgium
4927,Australia
4928,France
4929,USA
4932,USA
4935,USA
4938,France
4941,USA
4942,USA
4943,UK
4944,USA
4945,USA
4949,USA
4957,USA
4963,USA
4964,Iran
4965,USA
4966,USA
4967,Bosnia and Herzegovina
4969,USA
4970,Germany
4971,USA
4973,France
4975,USA
4977,Iran
4978,Australia
4980,USA
4984,UK
4985,UK
4987,Canada
4990,USA
4991,USA
4992,USA
4994,USA
4995,USA
5001,UK
5003,USA
5005,USA
5007,USA
5009,USA
5011,UK
5014,USA
5017,USA
5022,UK
5023,USA
5025,USA
5027,USA
5028,Taiwan
5029,USA
5033,USA
5034,UK
5035,USA
5037,USA
5039,USA
5042,Canada
5046,USA
5049,USA
5050,Germany
5051,Denmark
5052,Israel
5053,USA
5055,USA
5057,USA
5058,West Germany
5059,France
5061,USA
5062,USA
5063,USA
5064,UK
5065,USA
5067,Philippines
5069,Japan
5074,USA
5075,Canada
5077,USA
5078,USA
5079,UK
5080,Canada
5082,USA
5083,Canada
5085,USA
5086,USA
5087,France
5088,France
5092,USA
5093,USA
5095,USA
5097,USA
5100,France
5103,USA
5106,USA
5109,USA
5110,USA
5111,USA
5112,UK
5113,Italy
5114,USA
5116,USA
5118,USA
5119,UK
5120,USA
5121,West Germany
5126,USA
5128,USA
5131,Germany
5133,USA
5135,India
5136,USA
5141,USA
5142,Czechoslovakia
5145,Czechoslovakia
5150,UK
5151,USA
5152,USA
5153,France
5158,USA
5159,Australia
5164,Ireland
5167,USA
5168,USA
5170,USA
5175,UK
5178,USA
5193,USA
5202,France
5206,USA
5212,USA
5213,USA
5214,USA
5216,Spain
5217,USA
5221,France
5222,USA
5223,Belgium
5226,USA
5228,USA
5230,USA
5231,USA
5232,USA
5237,USA
5238,USA
5240,Germany
5247,USA
5250,USA
5254,USA
5256,USA
5263,USA
5264,USA
5266,USA
5267,USA
5268,Iceland
5269,Austria
5272,France
5273,UK
5274,USA
5275,USA
5276,USA
5277,Mexico
5280,Germany
5286,France
5287,USA
5289,USA
5292,USA
5293,USA
5294,USA
5295,USA
5296,USA
5297,USA
5298,France
5299,USA
5301,USA
5302,USA
5303,USA
5304,Italy
5308,USA
5310,Yugoslavia
5311,USA
5313,USA
5315,USA
5317,France
5322,Canada
5323,USA
5324,USA
5325,USA
5327,France
5328,USA
5329,USA
5331,USA
5333,France
5334,USA
5335,Australia
5336,Soviet Union
5337,USA
5338,USA
5340,USA
5341,USA
5344,USA
5345,USA
5347,USA
5348,USA
5351,Japan
5353,USA
5354,USA
5358,USA
5359,USA
5361,USA
5362,USA
5364,USA
5367,UK
5368,Soviet Union
5372,USA
5382,USA
5383,UK
5386,USA
5387,USA
5388,USA
5389,USA
5392,USA
5393,USA
5394,USA
5395,Germany
5396,USA
5397,USA
5398,USA
5399,USA
5400,USA
5403,USA
5407,France
5410,USA
5412,USA
5414,USA
5416,USA
5422,Italy
5424,USA
5426,USA
5427,USA
5431,USA
5432,USA
5434,USA
5435,USA
5437,USA
5441,USA
5442,USA
5443,USA
5445,USA
5446,Australia
5447,USA
5448,USA
5449,USA
5450,USA
5456,USA
5457,USA
5459,USA
5460,USA
5461,UK
5463,UK
5464,USA
5465,Japan
5466,France
5467,UK
5468,USA
5469,USA
5471,USA
5472,USA
5473,West Germany
5477,Spain
5480,USA
5481,USA
5482,USA
5485,USA
5489,West Germany
5490,USA
5493,USA
5494,Italy
5496,Italy
5497,USA
5498,Japan
5499,USA
5500,USA
5502,USA
5503,Italy
5504,USA
5506,USA
5509,UK
5510,USA
5511,Germany
5512,Italy
5513,USA
5514,Hong Kong
5518,France
5521,USA
5522,UK
5523,USA
5524,USA
5525,Germany
5526,South Korea
5529,Germany
5532,USA
5534,USA
5540,USA
5544,USA
5547,Canada
5551,USA
5553,USA
5556,UK
5557,Germany
5561,USA
5562,USA
5563,USA
5564,USA
5568,USA
5570,Spain
5572,USA
5573,USA
5574,France
5575,France
5576,France
5581,USA
5583,USA
5584,USA
5585,USA
5587,USA
5588,USA
5589,UK
5596,USA
5600,USA
5601,USA
5602,USA
5603,UK
5607,Argentina
5608,Germany
5609,USA
5610,USA
5611,USA
5613,France
5614,Italy
5615,USA
5617,USA
5618,Japan
5619,USA
5620,USA
5621,USA
5624,UK
5627,USA
5629,USA
5631,Canada
5633,Germany
5634,USA
5637,USA
5638,Japan
5640,USA
5641,USA
5644,USA
5645,USA
5646,USA
5648,USA
5649,UK
5651,USA
5655,USA
5658,USA
5659,UK
5661,USA
5665,USA
5669,Canada
5670,USA
5675,UK
5677,USA
5678,UK
5679,USA
5681,Italy
5686,Russia
5687,South Korea
5689,USA
5694,USA
5695,UK
5705,USA
5707,USA
5709,USA
5714,USA
5716,USA
5719,USA
5721,USA
5723,USA
5726,USA
5727,USA
5740,USA
5743,USA
5745,West Germany
5746,USA
5749,Hong Kong
5752,UK
5754,USA
5755,Canada
5762,West Germany
5763,West Germany
5764,USA
5769,USA
5770,USA
5771,USA
5772,USA
5773,USA
5776,USA
5777,USA
5778,USA
5780,USA
5783,USA
5785,USA
5786,USA
5788,UK
5791,USA
5792,USA
5796,USA
5800,USA
5801,USA
5802,USA
5806,Iran
5807,USA
5808,USA
5810,USA
5811,France
5812,USA
5813,France
5814,USA
5817,Canada
5818,Mexico
5819,USA
5826,USA
5828,USA
5829,Canada
5836,USA
5838,France
5839,France
5841,USA
5843,USA
5846,USA
5852,USA
5853,Canada
5854,USA
5855,USA
5859,USA
5867,USA
5872,UK
5875,USA
5876,Germany
5882,USA
5883,USA
5887,USA
5888,USA
5895,USA
5896,Canada
5898,USA
5899,UK
5902,USA
5903,USA
5909,Japan
5914,USA
5916,USA
5918,Canada
5926,USA
5928,USA
5931,UK
5932,USA
5935,Canada
5937,France
5938,USA
5940,USA
5941,USA
5942,USA
5943,USA
5944,USA
5945,USA
5946,Spain
5950,USA
5952,USA
5953,China
5955,USA
5956,USA
5958,USA
5959,USA
5960,USA
5961,USA
5962,Germany
5963,USA
5964,UK
5969,USA
5975,Italy
5976,USA
5977,USA
5978,UK
5981,UK
5982,France
5987,UK
5988,USA
5994,UK
5995,France
5999,Canada
6001,USA
6002,France
6005,USA
6009,Japan
6010,USA
6012,USA
6014,USA
6016,Brazil
6017,France
6018,Denmark
6020,USA
6021,West Germany
6025,USA
6027,USA
6030,USA
6031,USA
6032,France
6036,USA
6039,USA
6040,USA
6041,France
6042,Austria
6044,USA
6049,UK
6050,USA
6051,Jamaica
6055,USA
6057,USA
6058,USA
6060,UK
6061,Italy
6062,UK
6064,USA
6065,UK
6066,UK
6067,UK
6070,Japan
6076,UK
6077,UK
6078,USA
6082,Canada
6083,USA
6084,USA
6092,USA
6093,USA
6096,USA
6099,USA
6101,USA
6102,UK
6107,Italy
6109,USA
6113,France
6115,USA
6118,Poland
6121,West Germany
6126,West Germany
6127,USA
6135,USA
6152,Italy
6155,USA
6157,USA
6158,USA
6159,USA
6160,South Africa
6163,France
6166,USA
6173,Ireland
6174,USA
6176,USA
6179,UK
6183,USA
6184,UK
6185,USA
6186,USA
6191,UK
6192,Denmark
6193,USA
6194,Australia
6195,USA
6196,USA
6198,USA
6201,UK
6202,Israel
6203,USA
6206,USA
6211,USA
6212,USA
6215,USA
6216,Germany
6218,UK
6219,USA
6221,Spain
6222,Germany
6223,USA
6228,USA
6229,USA
6232,UK
6233,USA
6240,USA
6244,UK
6251,USA
6254,USA
6255,USA
6257,Sweden
6258,France
6263,USA
6264,UK
6272,USA
6273,USA
6277,USA
6281,USA
6284,USA
6286,Finland
6288,USA
6290,USA
6293,USA
6297,USA
6299,France
6300,Denmark
6301,UK
6304,Canada
6305,UK
6307,USA
6311,USA
6313,USA
6315,USA
6316,USA
6323,USA
6325,USA
6326,USA
6327,USA
6328,Russia
6330,USA
6331,USA
6332,USA
6335,Spain
6336,Iran
6338,USA
6339,France
6341,USA
6342,USA
6344,Iceland
6345,USA
6346,UK
6349,USA
6354,USA
6356,USA
6365,USA
6366,Canada
6368,Germany
6370,France
6373,USA
6377,Australia
6379,USA
6380,USA
6382,China
6383,USA
6386,USA
6387,Hong Kong
6397,France
6398,USA
6401,USA
6403,USA
6404,Italy
6406,Italy
6409,USA
6412,USA
6413,USA
6415,Italy
6417,USA
6419,UK
6421,USA
6423,USA
6424,USA
6430,UK
6436,USA
6443,USA
6445,USA
6449,USA
6451,USA
6455,USA
6456,France
6459,USA
6463,USA
6466,UK
6467,France
6468,USA
6470,USA
6473,UK
6474,Italy
6475,USA
6477,USA
6478,USA
6480,USA
6481,USA
6484,USA
6487,UK
6490,USA
6492,Russia
6493,USA
6494,USA
6497,France
6502,UK
6503,USA
6505,USA
6507,USA
6508,UK
6509,West Germany
6510,USA
6512,UK
6516,USA
6518,USA
6519,USA
6522,USA
6523,USA
6525,USA
6526,Japan
6529,Australia
6530,France
6531,France
6533,USA
6535,USA
6536,USA
6537,USA
6538,France
6541,USA
6545,UK
6546,Spain
6547,USA
6551,USA
6552,UK
6553,Italy
6555,France
6558,USA
6559,USA
6560,USA
6563,USA
6564,USA
6567,UK
6568,USA
6569,UK
6570,Mexico
6578,USA
6579,USA
6581,UK
6582,USA
6585,USA
6591,UK
6592,USA
6596,France
6598,USA
6601,USA
6603,France
6610,USA
6612,Canada
6614,USA
6615,Canada
6616,USA
6617,USA
6620,USA
6623,USA
6624,USA
6625,USA
6626,USA
6629,Australia
6636,USA
6639,USA
6641,France
6644,France
6645,USA
6648,South Korea
6649,UK
6650,UK
6653,UK
6657,USA
6660,UK
6664,USA
6666,France
6667,USA
6668,China
6672,Switzerland
6679,USA
6680,USA
6682,UK
6683,USA
6684,Italy
6687,USA
6688,Czech Republic
6689,USA
6690,Spain
6694,Argentina
6697,USA
6701,USA
6704,USA
6707,USA
6708,USA
6712,USA
6713,Japan
6716,USA
6717,Germany
6718,USA
6721,Hong Kong
6723,Hong Kong
6726,Sweden
6727,USA
6728,USA
6729,UK
6730,USA
6732,USA
6734,France
6737,USA
6746,USA
6747,USA
6748,Canada
6750,USA
6751,USA
6752,USA
6757,France
6760,France
6761,USA
6763,USA
6764,USA
6772,France
6774,Canada
6775,USA
6777,USA
6779,USA
6780,UK
6783,France
6784,UK
6785,USA
6786,Brazil
6787,USA
6790,Czech Republic
6793,USA
6794,USA
6795,USA
6796,USA
6800,USA
6806,Hong Kong
6807,UK
6808,UK
6809,USA
6810,USA
6812,USA
6813,USA
6814,USA
6816,USA
6818,Soviet Union
6820,Canada
6821,USA
6822,USA
6823,France
6828,France
6829,USA
6830,USA
6831,USA
6837,USA
6839,Canada
6841,USA
6845,USA
6848,USA
6849,UK
6850,USA
6851,USA
6852,USA
6854,UK
6855,France
6856,USA
6857,Japan
6858,Poland
6859,USA
6860,USA
6861,USA
6865,USA
6866,UK
6867,USA
6868,USA
6869,Brazil
6870,USA
6874,USA
6876,France
6879,USA
6883,UK
6885,Australia
6886,USA
6887,USA
6888,USA
6889,USA
6890,USA
6893,USA
6895,USA
6897,USA
6902,Canada
6905,USA
6906,USA
6909,Hong Kong
6910,USA
6916,USA
6919,USA
6920,France
6926,USA
6928,USA
6929,USA
6931,USA
6932,USA
6934,Australia
6935,Ireland
6936,USA
6938,USA
6939,Germany
6940,France
6942,UK
6946,Germany
6947,USA
6951,USA
6952,USA
6953,USA
6954,Canada
6956,Taiwan
6957,USA
6959,USA
6964,UK
6965,USA
6966,USA
6970,USA
6973,USA
6974,USA
6975,USA
6978,Canada
6979,USA
6982,France
6985,France
6989,USA
6991,UK
6993,USA
6995,USA
6996,France
6997,France
6999,USA
7000,USA
7006,Germany
7007,USA
7008,Italy
7010,France
7011,USA
7012,USA
7015,USA
7020,USA
7021,USA
7022,Japan
7023,Taiwan
7025,USA
7026,USA
7029,Canada
7030,USA
7032,USA
7035,USA
7036,USA
7038,USA
7039,USA
7040,USA
7045,UK
7050,USA
7053,USA
7055,USA
7056,USA
7058,USA
7059,USA
7060,USA
7063,West Germany
7065,USA
7067,Italy
7068,France
7072,USA
7073,UK
7074,USA
7076,USA
7078,USA
7079,USA
7081,USA
7082,USA
7085,USA
7087,UK
7088,Brazil
7089,Italy
7091,USA
7092,USA
7093,USA
7097,France
7101,USA
7102,USA
7104,USA
7105,USA
7107,USA
7108,Hong Kong
7111,UK
7112,USA
7114,USA
7115,Italy
7117,USA
7121,USA
7123,Canada
7124,UK
7125,USA
7127,UK
7128,UK
7130,USA
7132,USA
7135,France
7137,USA
7138,Argentina
7139,Ireland
7144,Germany
7148,USA
7149,USA
7152,Canada
7153,USA
7155,UK
7156,USA
7157,USA
7158,USA
7160,USA
7161,USA
7162,USA
7163,USA
7164,Australia
7165,Germany
7166,USA
7167,Australia
7168,France
7171,UK
7172,Turkey
7174,USA
7175,USA
7176,Iran
7177,Afghanistan
7179,USA
7181,USA
7182,USA
7185,USA
7186,Germany
7187,USA
7191,UK
7192,USA
7195,USA
7196,USA
7197,USA
7198,USA
7200,USA
7201,France
7202,Spain
7204,USA
7205,USA
7206,France
7209,France
7213,USA
7215,USA
7216,USA
7217,USA
7218,USA
7220,USA
7224,USA
7225,USA
7226,Germany
7228,USA
7234,Italy
7235,Japan
7239,USA
7240,UK
7243,USA
7245,Sweden
7248,Thailand
7249,USA
7250,USA
7251,USA
7253,USA
7258,USA
7261,USA
7263,USA
7265,France
7266,USA
7267,USA
7269,USA
7270,USA
7271,USA
7272,USA
7277,USA
7278,USA
7283,USA
7284,USA
7293,USA
7299,France
7301,France
7302,USA
7303,USA
7304,Italy
7306,Mexico
7307,Spain
7308,USA
7310,USA
7311,UK
7313,USA
7314,USA
7315,USA
7316,USA
7318,USA
7320,USA
7321,USA
7322,Israel
7323,Germany
7325,USA
7326,UK
7327,Sweden
7328,Sweden
7333,France
7334,USA
7336,Italy
7338,UK
7340,USA
7341,USA
7346,USA
7348,USA
7352,Denmark
7353,USA
7357,USA
7360,USA
7361,USA
7364,Ireland
7366,USA
7368,USA
7370,USA
7371,Denmark
7372,Australia
7376,USA
7380,USA
7382,Italy
7383,USA
7384,France
7386,USA
7387,USA
7388,Italy
7390,USA
7393,USA
7395,USA
7396,Sweden
7399,Australia
7401,USA
7402,USA
7404,USA
7413,USA
7417,USA
7437,USA
7438,USA
7441,Mexico
7445,USA
7446,USA
7448,USA
7449,USA
7453,USA
7455,USA
7456,USA
7459,Brazil
7460,USA
7474,USA
7478,USA
7481,USA
7485,Japan
7488,USA
7490,USA
7521,USA
7541,USA
7561,UK
7564,Japan
7566,UK
7567,USA
7569,UK
7570,UK
7572,USA
7574,Japan
7577,Sweden
7579,France
7581,USA
7584,USA
7585,UK
7586,Belgium
7587,France
7614,USA
7615,USA
7616,USA
7619,USA
7620,UK
7621,Spain
7624,USA
7627,USA
7636,USA
7637,France
7645,USA
7650,UK
7697,UK
7701,USA
7702,USA
7703,USA
7704,USA
7706,USA
7707,USA
7713,USA
7720,Spain
7725,USA
7727,UK
7728,USA
7730,USA
7738,Singapore
7742,USA
7749,USA
7751,USA
7756,Soviet Union
7757,UK
7761,France
7764,USA
7766,Japan
7769,Thailand
7771,USA
7775,USA
7781,USA
7784,USA
7785,Iran
7786,USA
7802,USA
7815,USA
7817,UK
7818,USA
7826,USA
7827,USA
7832,USA
7833,USA
7834,USA
7835,USA
7837,France
7839,USA
7840,USA
7845,USA
7880,France
7881,USA
7883,USA
7885,UK
7887,USA
7888,USA
7890,USA
7891,Italy
7895,USA
7896,USA
7897,USA
7912,Canada
7916,USA
7918,USA
7920,USA
7921,USA
7924,Japan
7925,Japan
7928,Sweden
7931,USA
7933,USA
7936,Sweden
7937,Sweden
7939,Sweden
7940,Sweden
7941,Sweden
7943,USA
7944,USA
7946,USA
7947,USA
7948,USA
7949,USA
7951,USA
7952,USA
7953,Italy
7954,West Germany
7958,USA
7959,USA
7976,USA
7979,USA
7981,Hong Kong
7982,South Korea
7983,USA
7988,UK
7990,USA
7995,USA
8004,Spain
8008,USA
8010,Australia
8014,South Korea
8017,UK
8025,Russia
8033,USA
8040,USA
8041,USA
8042,USA
8044,USA
8045,USA
8062,USA
8069,USA
8092,USA
8093,South Korea
8118,USA
8121,Canada
8127,USA
8128,France
8129,USA
8130,USA
8131,USA
8133,Denmark
8134,South Korea
8137,USA
8143,France
8154,Italy
8157,Japan
8169,USA
8183,UK
8188,Japan
8196,USA
8197,France
8199,Japan
8201,USA
8207,UK
8208,USA
8225,USA
8228,USA
8235,USA
8236,USA
8240,USA
8252,USA
8253,Japan
8255,Japan
8257,USA
8259,USA
8260,Romania
8261,USA
8263,USA
8264,USA
8266,USA
8267,West Germany
8268,USA
8269,USA
8270,France
8292,Japan
8293,USA
8294,USA
8330,UK
8331,USA
8332,UK
8336,USA
8340,USA
8360,USA
8363,USA
8366,USA
8371,USA
8374,Japan
8375,USA
8380,USA
8381,USA
8382,USA
8385,USA
8388,UK
8391,USA
8392,USA
8395,USA
8407,USA
8410,USA
8422,USA
8424,USA
8425,USA
8447,USA
8456,Italy
8459,USA
8462,USA
8463,USA
8477,France
8481,USA
8482,USA
8483,USA
8484,Japan
8488,USA
8491,USA
8494,USA
8496,USA
8499,USA
8502,USA
8503,USA
8504,USA
8507,USA
8516,UK
8520,USA
8522,USA
8524,USA
8527,UK
8529,USA
8530,UK
8531,USA
8534,France
8537,France
8571,USA
8573,Denmark
8575,France
8581,USA
8584,USA
8586,USA
8587,USA
8591,USA
8595,USA
8596,UK
8597,New Zealand
8601,France
8602,Republic of Macedonia
8604,USA
8608,France
8612,USA
8614,USA
8615,USA
8617,USA
8619,UK
8621,UK
8622,USA
8625,USA
8632,UK
8634,USA
8645,Colombia
8649,USA
8650,USA
8652,USA
8661,USA
8662,France
8663,UK
8665,USA
8669,USA
8670,Germany
8674,Ireland
8677,USA
8679,USA
8680,Spain
8681,France
8684,France
8689,Canada
8690,USA
8692,USA
8694,USA
8698,USA
8701,UK
8705,USA
8710,Australia
8711,USA
8712,USA
8713,Sweden
8721,USA
8724,Italy
8725,USA
8726,USA
8727,USA
8728,UK
8730,USA
8731,USA
8732,UK
8738,France
8740,Japan
8747,USA
8748,Italy
8749,France
8751,USA
8752,USA
8756,USA
8765,USA
8767,USA
8770,USA
8771,USA
8772,UK
8774,USA
8778,USA
8779,France
8780,UK
8781,USA
8783,USA
8784,USA
8785,Japan
8786,France
8787,UK
8789,USA
8796,USA
8798,USA
8800,UK
8801,USA
8804,France
8806,USA
8809,Australia
8811,Japan
8813,USA
8814,USA
8818,USA
8829,USA
8830,USA
8834,USA
8835,USA
8836,USA
8837,USA
8839,USA
8840,USA
8841,USA
8844,Poland
8847,USA
8850,USA
8852,UK
8856,USA
8859,Germany
8860,USA
8861,Germany
8864,USA
8865,USA
8868,UK
8873,Argentina
8874,UK
8876,USA
8879,UK
8882,USA
8883,USA
8891,USA
8896,USA
8903,USA
8905,France
8906,Italy
8907,USA
8909,USA
8911,USA
8916,USA
8917,USA
8919,USA
8920,USA
8921,USA
8922,Denmark
8924,USA
8927,USA
8928,USA
8934,USA
8942,USA
8944,USA
8945,France
8950,Spain
8951,UK
8952,Hong Kong
8955,USA
8956,UK
8958,USA
8960,USA
8965,USA
8966,USA
8967,Romania
8969,UK
8972,USA
8974,USA
8981,USA
8982,USA
8983,China
8986,USA
8989,USA
8995,Australia
8996,USA
9004,UK
9005,USA
9008,USA
9010,France
9012,USA
9013,USA
9015,USA
9018,USA
25737,Germany
25746,USA
25752,USA
25753,USA
25755,USA
25759,Soviet Union
25762,USA
25763,Germany
25771,France
25774,France
25777,USA
25788,USA
25795,USA
25797,USA
25805,France
25826,USA
25827,USA
25833,USA
25839,USA
25856,USA
25865,USA
25866,USA
25868,USA
25891,USA
25899,USA
25900,USA
25901,UK
25904,USA
25905,USA
25906,USA
25916,USA
25923,USA
25929,USA
25930,UK
25931,USA
25934,USA
25937,USA
25938,USA
25942,USA
25946,Austria
25947,USA
25951,USA
25952,USA
25954,France
25962,USA
25963,Mexico
25971,USA
25975,Japan
25977,USA
25993,USA
26002,France
26052,France
26055,Japan
26059,Japan
26067,USA
26078,USA
26079,USA
26094,Italy
26096,USA
26107,USA
26112,USA
26116,USA
26117,USA
26122,Japan
26124,USA
26128,USA
26131,Italy
26134,UK
26139,USA
26148,USA
26151,France
26152,USA
26155,UK
26159,Japan
26163,USA
26174,UK
26178,UK
26185,UK
26198,USA
26199,USA
26208,France
26222,Japan
26225,France
26231,UK
26242,USA
26246,USA
26258,Mexico
26271,USA
26280,Germany
26283,USA
26302,USA
26303,USA
26339,USA
26349,USA
26359,Italy
26366,USA
26375,USA
26391,USA
26393,USA
26394,USA
26414,USA
26425,USA
26462,USA
26464,USA
26472,USA
26476,UK
26479,UK
26488,USA
26494,USA
26509,USA
26513,USA
26521,USA
26524,USA
26527,Spain
26547,Hong Kong
26550,USA
26555,USA
26558,USA
26561,USA
26564,USA
26566,USA
26599,Spain
26603,USA
26606,Hong Kong
26614,USA
26629,USA
26663,France
26680,USA
26681,Hong Kong
26686,USA
26688,USA
26696,USA
26700,UK
26744,USA
26746,USA
26750,Australia
26770,USA
26776,Japan
26778,USA
26792,Canada
26810,Australia
26811,Hong Kong
26812,USA
26819,Japan
26838,UK
26840,Japan
26865,Hong Kong
26870,USA
26901,USA
26903,Japan
26939,Finland
26965,Thailand
26976,USA
26982,USA
26989,Mexico
27005,USA
27255,Iran
27266,China
27316,Thailand
27391,USA
27434,USA
27450,France
27537,USA
27564,France
27584,France
27592,South Korea
27608,France
27618,UK
27620,France
27627,South Korea
27648,UK
27664,USA
27674,USA
27679,China
27700,Sweden
27722,Thailand
27728,Japan
27731,Japan
27734,UK
27744,Italy
27746,Canada
27768,France
27776,France
27783,Argentina
27788,USA
27790,USA
27801,Thailand
27803,Spain
27808,USA
27812,UK
27815,France
27820,Germany
27821,UK
27826,Canada
27828,Belgium
27830,USA
27831,UK
27837,USA
27838,USA
27841,Canada
27843,Chile
27846,Canada
27850,USA
27851,UK
27857,Sweden
27864,USA
27865,Japan
27866,New Zealand
27873,USA
27874,Canada
27876,Germany
27882,USA
27884,USA
27899,USA
27904,USA
30659,USA
30701,France
30707,USA
30712,USA
30721,USA
30747,Taiwan
30803,South Korea
30810,USA
30812,USA
30816,USA
30825,USA
30846,USA
30848,USA
30850,USA
30883,USA
30898,USA
30954,USA
30977,USA
30991,UK
31000,USA
31026,USA
31030,USA
31032,UK
31035,USA
31038,UK
31040,USA
31042,USA
31079,Japan
31083,USA
31086,Japan
31150,USA
31156,USA
31188,France
31193,USA
31247,USA
31255,USA
31260,USA
31263,Spain
31270,Canada
31309,Italy
31349,USA
31362,USA
31408,Germany
31420,USA
31424,Canada
31427,USA
31433,USA
31435,UK
31445,USA
31447,Canada
31485,France
31494,USA
31528,USA
31547,France
31553,USA
31598,UK
31600,India
31610,China
31613,USA
31617,Italy
31660,Japan
31685,USA
31687,USA
31696,USA
31698,USA
31700,USA
31702,Iran
31724,USA
31737,UK
31770,USA
31807,UK
31867,USA
31909,USA
31923,Austria
31934,USA
31950,UK
31952,Hungary
32002,USA
32009,USA
32019,USA
32022,USA
32049,USA
32058,USA
32060,USA
32116,USA
32139,USA
32160,USA
32174,USA
32211,Sweden
32239,South Korea
32285,Ireland
32291,USA
32296,USA
32298,USA
32300,USA
32316,USA
32325,USA
32333,Iceland
32349,USA
32354,Austria
32371,USA
32381,USA
32385,USA
32387,Japan
32392,Spain
32525,France
32582,USA
32591,France
32596,UK
32598,USA
32602,USA
32605,USA
32617,UK
32620,France
32627,USA
32632,USA
32674,USA
32721,USA
32844,USA
32966,France
32988,USA
33036,USA
33072,France
33113,USA
33124,Germany
33132,USA
33134,USA
33136,USA
33138,USA
33145,USA
33152,USA
33158,USA
33162,UK
33164,Australia
33166,USA
33188,USA
33312,USA
33358,USA
33421,Denmark
33437,France
33454,France
33499,Germany
33539,USA
33558,Canada
33564,Italy
33585,UK
33603,Netherlands
33615,USA
33621,Australia
33629,USA
33639,USA
33644,USA
33646,USA
33660,USA
33669,USA
33672,USA
33675,France
33677,USA
33679,USA
33685,USA
33722,UK
33725,UK
33750,Mexico
33781,USA
33794,USA
33823,Spain
33826,Canada
33830,USA
33832,USA
33834,Canada
33836,USA
33838,USA
33880,USA
33896,Hong Kong
33903,Germany
33905,USA
34018,USA
34072,France
34129,USA
34143,USA
34148,France
34150,USA
34153,USA
34162,USA
34164,USA
34185,USA
34292,UK
34299,USA
34321,USA
34326,USA
34332,USA
34334,USA
34336,USA
34405,USA
34437,USA
34499,USA
34520,USA
34523,USA
34526,Venezuela
34530,USA
34532,USA
34540,USA
34583,USA
35015,USA
35957,USA
36056,USA
36152,USA
36276,France
36397,UK
36401,UK
36477,USA
36509,USA
36511,Germany
36513,Australia
36523,USA
36525,USA
36533,USA
36539,USA
37211,USA
37287,Denmark
37384,USA
37386,USA
37475,Germany
37477,USA
37720,USA
37731,USA
37739,USA
37741,Canada
37837,France
37846,USA
37853,USA
37855,USA
37955,Belgium
37957,USA
37976,Italy
38038,UK
38061,USA
38095,South Korea
38198,Austria
38600,Norway
38701,France
38798,USA
38992,USA
39183,Canada
39292,USA
39369,USA
39381,Australia
39398,USA
39414,USA
39425,USA
39427,USA
39435,USA
39441,USA
39444,USA
39446,USA
39449,USA
39474,Japan
39659,Italy
39715,USA
39869,Denmark
40010,Mexico
40148,France
40278,Germany
40337,Israel
40412,UK
40574,USA
40581,Germany
40583,USA
40614,USA
40732,UK
40817,USA
40819,USA
40826,USA
40887,USA
40946,USA
40952,USA
40962,USA
40966,UK
40969,USA
40973,UK
41014,Italy
41336,Mexico
41564,USA
41571,USA
41573,USA
41699,Soviet Union
41716,Spain
41863,USA
41997,USA
42002,USA
42004,USA
42011,USA
42053,USA
42197,UK
42217,Japan
42418,USA
42556,USA
42723,USA
42725,USA
42728,Germany
42734,USA
42736,USA
42738,USA
42740,USA
42783,Soviet Union
43011,USA
43396,New Zealand
43460,UK
43556,USA
43558,USA
43684,USA
43836,USA
43904,USA
43906,USA
43908,UK
43910,USA
43912,USA
43914,USA
43917,USA
43919,USA
43921,Germany
43930,USA
43932,USA
43934,Canada
43936,Germany
44004,USA
44073,Italy
44191,USA
44197,Germany
44225,USA
44301,Finland
44397,USA
44494,Italy
44511,USA
44587,USA
44595,USA
44613,USA
44633,USA
44653,France
44694,Spain
44709,USA
44759,Germany
44761,USA
44828,Canada
44840,USA
44844,USA
44849,France
44972,USA
44974,USA
44978,USA
45081,Canada
45175,USA
45208,UK
45221,Germany
45335,USA
45382,USA
45431,USA
45442,USA
45447,USA
45501,USA
45503,Germany
45517,USA
45635,USA
45664,USA
45668,USA
45672,USA
45679,USA
45880,USA
46034,China
46194,USA
46231,UK
46347,Canada
46530,USA
46559,UK
46572,USA
46581,UK
46723,France
46803,USA
46839,France
46850,USA
46855,France
46865,USA
46919,USA
46959,UK
46965,Germany
46967,UK
46972,USA
47044,Germany
47049,USA
47117,Thailand
47122,USA
47124,USA
47148,UK
47200,USA
47202,Spain
47261,USA
47264,Germany
47274,France
47330,USA
47382,USA
47384,USA
47394,Canada
47465,Canada
47493,USA
47634,France
47642,USA
47646,USA
47721,France
47778,USA
47805,USA
47810,UK
47836,Germany
47894,Ireland
47907,Hungary
47970,USA
47976,USA
47997,USA
47999,USA
48032,Italy
48043,USA
48082,France
48159,Canada
48198,USA
48301,UK
48304,USA
48319,UK
48342,UK
48385,USA
48394,Mexico
48416,USA
48516,USA
48518,USA
48560,USA
48567,USA
48591,USA
48598,USA
48600,USA
48682,Iran
48696,USA
48698,USA
48711,USA
48741,USA
48744,USA
48780,USA
48783,USA
48791,USA
48856,USA
48877,USA
48883,UK
48909,USA
49007,USA
49130,USA
49265,UK
49272,USA
49274,Australia
49284,USA
49312,Canada
49314,USA
49347,UK
49526,USA
49528,USA
49642,USA
49644,USA
49688,UK
49822,USA
49856,France
49957,UK
49961,UK
50005,Hong Kong
50064,USA
50068,USA
50149,USA
50160,UK
50162,France
50477,France
50514,Denmark
50583,Japan
50619,France
50792,USA
50794,UK
50798,USA
50802,USA
50804,UK
50923,USA
51007,Algeria
51088,USA
51094,USA
51127,USA
51255,UK
51304,USA
51314,Italy
51372,UK
51412,USA
51471,UK
51575,USA
51660,USA
51694,UK
51698,USA
51705,France
51709,South Korea
51834,UK
51884,India
51911,USA
51931,USA
51933,Germany
51935,USA
51939,Hong Kong
51991,Russia
52005,Australia
52042,Netherlands
52227,USA
52241,USA
52283,USA
52287,USA
52356,USA
52413,Greece
52435,USA
52448,USA
52456,USA
52458,USA
52460,USA
52462,USA
52545,USA
52561,China
52579,France
52604,USA
52668,USA
52694,UK
52712,USA
52717,USA
52722,USA
52838,USA
52885,Japan
52929,UK
52950,Russia
52967,Canada
52975,USA
53000,UK
53002,USA
53004,USA
53121,USA
53123,Ireland
53125,USA
53127,USA
53129,USA
53133,USA
53143,USA
53318,UK
53322,USA
53435,USA
53447,France
53450,USA
53464,USA
53466,USA
53468,Canada
53476,Belgium
53519,USA
53550,USA
53574,USA
53769,USA
53835,Italy
53887,UK
53894,USA
53972,USA
53974,USA
53988,USA
54001,UK
54004,USA
54094,UK
54116,Germany
54190,USA
54193,USA
54196,USA
54256,USA
54259,UK
54270,Canada
54272,USA
54274,USA
54284,USA
54286,USA
54290,USA
54328,France
54419,Czech Republic
54505,USA
54510,USA
54513,USA
54612,USA
54621,France
54691,Belgium
54732,USA
54734,USA
54736,USA
54745,USA
54768,USA
54783,Canada
54785,USA
54881,New Zealand
54978,USA
54995,USA
54997,USA
54999,USA
55020,USA
55052,UK
55071,USA
55094,USA
55110,Australia
55116,USA
55118,UK
55154,USA
55156,USA
55159,Japan
55176,UK
55190,France
55205,USA
55232,France
55245,USA
55250,USA
55257,USA
55267,USA
55274,UK
55276,USA
55280,USA
55282,USA
55286,USA
55288,USA
55402,Israel
55419,USA
55440,USA
55444,UK
55451,USA
55517,USA
55553,New Zealand
55555,Germany
55577,USA
55620,USA
55729,USA
55732,USA
55765,USA
55768,USA
55805,USA
55814,France
55820,USA
55830,UK
55844,USA
55872,USA
55895,USA
55901,Sweden
55926,USA
55946,USA
55955,USA
55999,USA
56001,USA
56060,Czech Republic
56141,Italy
56145,USA
56152,USA
56169,USA
56174,USA
56176,USA
56367,USA
56508,USA
56511,USA
56563,UK
56587,USA
56607,USA
56719,Switzerland
56757,USA
56775,USA
56801,USA
56805,USA
56908,USA
57147,USA
57223,South Korea
57243,Israel
57274,Spain
57353,UK
57368,USA
57370,USA
57401,USA
57464,USA
57504,Japan
57528,USA
57530,Canada
57532,USA
57534,USA
57536,USA
57655,USA
57690,USA
57792,France
57845,Ireland
57865,USA
57910,USA
57951,USA
58025,USA
58029,UK
58047,UK
58078,Mexico
58107,USA
58146,USA
58154,UK
58156,USA
58246,USA
58295,UK
58306,Kazakhstan
58351,Brazil
58439,USA
58490,UK
58492,USA
58559,USA
58627,USA
58655,USA
58706,Mexico
58876,USA
58898,Argentina
58964,France
59000,USA
59014,USA
59016,USA
59018,USA
59037,USA
59044,USA
59065,USA
59103,USA
59105,France
59126,USA
59141,France
59143,USA
59157,USA
59173,USA
59258,USA
59290,Austria
59313,Germany
59339,UK
59362,USA
59369,France
59382,France
59387,USA
59421,USA
59440,USA
59478,Germany
59519,Norway
59604,USA
59607,USA
59655,USA
59709,Spain
59721,USA
59725,USA
59729,Spain
59784,USA
59795,USA
59900,USA
59908,USA
59912,Italy
59985,USA
59995,UK
60074,USA
60133,UK
60135,USA
60286,USA
60293,USA
60295,Canada
60333,USA
60341,USA
60363,USA
60389,UK
60393,France
60411,Japan
60421,Canada
60471,Australia
60487,USA
60503,Poland
60514,USA
60516,USA
60522,USA
60526,UK
60566,Denmark
60649,USA
60654,France
60728,USA
60735,USA
60745,USA
60753,USA
60760,USA
60763,USA
60832,USA
60939,USA
60941,USA
60943,USA
60946,France
60950,Spain
61011,USA
61048,USA
61071,USA
61073,USA
61167,USA
61246,UK
61255,USA
61257,USA
61262,USA
61267,Belgium
61279,Italy
61289,Japan
61323,USA
61348,USA
61350,USA
61354,USA
61401,USA
61465,USA
61473,France
61475,USA
61628,Hong Kong
61646,Spain
61697,USA
61705,USA
61729,USA
61816,Austria
61937,Sweden
61941,USA
61961,USA
61986,USA
62000,Soviet Union
62153,UK
62155,USA
62198,USA
62235,France
62245,India
62265,USA
62299,Canada
62344,USA
62374,USA
62378,UK
62394,Canada
62439,USA
62511,USA
62526,USA
62553,USA
62577,USA
62586,USA
62644,Germany
62733,USA
62788,USA
62792,USA
62849,UK
62912,USA
62972,Ireland
62999,USA
63113,UK
63119,UK
63237,France
63239,USA
63446,France
63481,USA
63617,USA
63676,Japan
63808,France
63853,Australia
63992,USA
64030,France
64114,USA
64229,USA
64231,USA
64245,USA
64273,France
64280,UK
64338,USA
64497,USA
64501,Spain
64508,USA
64575,USA
64614,USA
64620,USA
64622,USA
64701,France
64716,USA
64930,USA
64942,China
64969,USA
64983,USA
64990,USA
64997,USA
65037,Belgium
65126,USA
65130,USA
